Adelaide Fernandes Pires Malainho,1,0000-0002-2215-5391,Educação CSComportamento,,762,762
Aida Maria de Matos Pardal,1,N/A,N/A,N/A,N/A,N/A;;;;;;;;;;
Alberto Ruiz Ariza,1,N/A,Artes H Desporto,,,;;;;;;;;;;
Aldo Manuel Serra Passarinho,1,0000-0001-6628-4147,Artes H Desporto,,213,0;;;;;;;;;;
Alexandra Isabel Bugio Bonito Batista Cheira,1,N/A,Artes H Desporto,,222,0;;;;;;;;;;
Alexandra Isabel Feio dos Anjos Batista,1,N/A,Saúde,,723,0;;;;;;;;;;
Alexandra Isabel Godinho Afonso,1,N/A,Tecnologias CAplicadas,,851,0;;;;;;;;;;
Alexandra Pereira Cortez,1,N/A,Ciências Empresariais,,380,0;;;;;;;;;;
Alexandra Telo da Costa Trincalhetas Tomaz,1,0000-0001-9129-112X,Biociências,,621,621;;;;;;;;;;
Alice Isabel Ragageles Paulino Diniz,1,N/A,Ciências Empresariais,,812,0;;;;;;;;;;
Alice Silva Lourencinho Carneiro,1,N/A,N/A,N/A,N/A,N/A;;;;;;;;;;
Ana Catarina Nunes Caetano da Silva,1,N/A,N/A,N/A,N/A,N/A;;;;;;;;;;
Ana Catarina Rita de Brito Grazina,1,N/A,N/A,N/A,N/A,N/A;;;;;;;;;;
Ana Clara Pica Nunes,1,0000-0002-8514-2264,Saúde,723,311,311;;;;;;;;;;
Ana Cristina Diniz Vicente Pardal,1,0000-0003-3953-8441,Tecnologias CAplicadas,,524,851;;;;;;;;;;
Ana Cristina Inácio Pardal Pena,1,N/A,N/A,N/A,N/A,N/A;;;;;;;;;;
Ana Cristina Pratas Mestre,1,N/A,N/A,N/A,N/A,N/A;;;;;;;;;;
Ana Cristina Ramalho Pires Nogueira Romão,1,N/A,N/A,N/A,N/A,N/A;;;;;;;;;;
Ana Cristina Ribeiro da Silva Romão Afonso Martins,1,0000-0001-9868-214X,Saúde,,723,723;;;;;;;;;;
Ana Cristina Velhinho Simenta,1,N/A,N/A,N/A,N/A,N/A;;;;;;;;;;
Ana Felisbela de Albuquerque Piedade,1,0000-0002-6203-9424,Educação CSComportamento,,312,312;;;;;;;;;;
Ana Filomena de Figueiredo Dias,1,0000-0001-5300-2331,Engenharia,,862,0;;;;;;;;;;
Ana Isabel Barros Pimentel Rodrigues,1,0000-0001-9140-9722,Ciências Empresariais,,812,0;;;;;;;;;;
Ana Isabel Guerra Cantarinha,1,N/A,Matemática CFisicas,,,;;;;;;;;;;
Ana Isabel Lapa Fernandes,1,0000-0002-2322-7940,Educação CSComportamento,,762,762;;;;;;;;;;
Ana Isabel Vicente Simões da Costa,1,N/A,N/A,N/A,N/A,N/A;;;;;;;;;;
Ana Isabel Xavier Ferreira,1,N/A,Saúde,726,726,726;;;;;;;;;;
Ana João Vasco Moreira,1,N/A,Artes H Desporto,,143,144;;;;;;;;;;
Ana José da Conceição Catarino Ramos,1,N/A,N/A,N/A,N/A,N/A;;;;;;;;;;
Ana Lúcia Gonçalves da Cruz Gonçalves,1,N/A,N/A,N/A,N/A,N/A;;;;;;;;;;
Ana Margarida Belard Bravo de Castro e Sousa,1,N/A,N/A,N/A,N/A,N/A;;;;;;;;;;
Ana Maria Caeiro Lebre,1,N/A,Matemática CFisicas,,582,0;;;;;;;;;;
Ana Maria Grego Dias Sobral Canhestro,1,0000-0002-5528-3154,Saúde,723,723,723;;;;;;;;;;
Ana Maria Orelha Soudo,1,N/A,N/A,N/A,N/A,N/A;;;;;;;;;;
Ana Mónica Rombão Cardeira,1,N/A,N/A,N/A,N/A,N/A;;;;;;;;;;
Ana Paula Lampreia Banza Zarcos Palma,1,N/A,Saúde,723,723,723;;;;;;;;;;
Ana Paula Lopes Tavares Martins,1,0000-0003-1394-4038,Saúde,726,729,0;;;;;;;;;;
Ana Paula Morais Pires Figueira,1,N/A,Ciências Empresariais,,345,812;;;;;;;;;;
Ana Paula Oliveira Sequeira,1,N/A,N/A,N/A,N/A,N/A;;;;;;;;;;
Ana Rita Mira Soares,1,N/A,Saúde,,726,0;;;;;;;;;;
Ana Rita Santos Inácio,1,N/A,N/A,N/A,N/A,N/A;;;;;;;;;;
Anabela Cândida Ramalho Durão,1,0000-0001-9069-2554,Engenharia,,851,851;;;;;;;;;;
Anabela Murta Inês Fonseca,1,N/A,N/A,N/A,N/A,N/A;;;;;;;;;;
Anabela Reis Pacheco de Amaral,1,0000-0001-9380-3002,Tecnologias CAplicadas,,541,0;;;;;;;;;;
André Filipe Valente Almeida,1,N/A,N/A,N/A,N/A,N/A;;;;;;;;;;
Andreia Filipa Nunes Santana,1,N/A,N/A,N/A,N/A,N/A;;;;;;;;;;
Antónia Augusta Graça Caramelo Franganito,1,N/A,N/A,N/A,N/A,N/A;;;;;;;;;;
Antónia Luísa Ferro da Silva,1,N/A,Educação CSComportamento,,762,0;;;;;;;;;;
Antónia Teresa Zorro Nobre Macedo,1,0000-0002-6378-0564,Tecnologias CAplicadas,,541,541;;;;;;;;;;
António do Rosário Oliveira,1,0000-0001-9976-6919,Biociências,,640,621;;;;;;;;;;
António Francisco Pacheco Lopes Vasques,1,N/A,N/A,N/A,N/A,N/A;;;;;;;;;;
António João Palma Duarte Mirrado Paisana,1,N/A,N/A,N/A,N/A,N/A;;;;;;;;;;
António Joaquim Vinagre Padeirinha,1,N/A,N/A,N/A,N/A,N/A;;;;;;;;;;
António José Arsénio Duarte,1,N/A,Saúde,726,311,311;;;;;;;;;;
António José dos Santos de Almeida,1,N/A,N/A,N/A,N/A,N/A;;;;;;;;;;
António José Pereira Paulino Rocha,1,N/A,Tecnologias Caplicadas,,541,0;;;;;;;;;;
António Júlio Toucinho da Silva,1,N/A,Educação CSComportamento,,145,0;;;;;;;;;;
António Manuel da Costa Nunes Ribeiro,1,0000-0003-3881-9081,Biociências,,621,0;;;;;;;;;;
António Manuel Fonseca Peleja,1,N/A,Artes H Desporto,,213,0;;;;;;;;;;
António Manuel Gouveia Carloto,1,0000-0002-9132-0223,Tecnologias CAplicadas,,421,421;;;;;;;;;;
António Manuel Pereira Conceição,1,N/A,N/A,N/A,N/A,N/A;;;;;;;;;;
António Marciano Graça Lopes,1,N/A,Ciências Empresariais,,380,0;;;;;;;;;;
António Miguel Bento Pereira,1,0000-0002-1583-9269,Artes H Desporto,,142,813;;;;;;;;;;
António Miguel Orrico Floro,1,N/A,N/A,N/A,N/A,N/A;;;;;;;;;;
Armando de Jesus Ventura,1,0000-0002-2484-9880,Engenharia,523,523,523;;;;;;;;;;
Armindo Manuel Soares Mendes,1,N/A,Educação CSComportamento,,311,0;;;;;;;;;;
Arnaldo da Conceição Rosa Pereira Lagarto,1,N/A,N/A,N/A,N/A,N/A;;;;;;;;;;
Augusto Joaquim de Carvalho Lança,1,N/A,Biociências,,621,621;;;;;;;;;;
Aurora da Conceição Pinto Santos,1,N/A,N/A,N/A,N/A,N/A;;;;;;;;;;
Bárbara da Conceição Rala Esparteiro,1,0000-0002-5271-9995,Educação CSComportamento,144,312,142/144;;;;;;;;;;
Beatriz Ludovina Marreiros Branco Lança,1,N/A,N/A,N/A,N/A,N/A;;;;;;;;;;
Bebiana Catarina Rodrigues Sabino,1,N/A,Artes H Desporto,,,;;;;;;;;;;
Belarmino José de Jesus Carioca,1,N/A,N/A,N/A,N/A,N/A;;;;;;;;;;
Carla Maria Lopes da Silva Afonso dos Santos,1,0000-0002-0077-1249,Matemática CFisicas,,461,0;;;;;;;;;;
Carla Vanessa Dias Sarmento Correia de Sá,1,N/A,N/A,N/A,N/A,N/A;;;;;;;;;;
Carlos Manuel Bicho Sancho,1,N/A,Engenharia,,523,0;;;;;;;;;;
Carlos Manuel dos Santos Almeida,1,N/A,Engenharia,,,;;;;;;;;;;
Carlos Manuel Lopes Borralho,1,0000-0003-3868-9715,Ciências Empresariais,,345,0;;;;;;;;;;
Carlos Manuel Marques Ribeiro,1,0000-0002-7104-8226,Tecnologias CAplicadas,,541,541;;;;;;;;;;
Catarina Garcia Carolino Martins Pica,1,N/A,N/A,N/A,N/A,N/A;;;;;;;;;;
Célia Alexandra Afonso Casaca,1,N/A,Artes H Desporto,,222,0;;;;;;;;;;
Célia de Fátima Brito Nunes Lampreia,1,N/A,N/A,N/A,N/A,N/A;;;;;;;;;;
Célia Maria da Silva Gonçalves Ricardo,1,N/A,N/A,N/A,N/A,N/A;;;;;;;;;;
Celso António Fialho Peixeiro Serra,1,N/A,Ciências Empresariais,,380,0;;;;;;;;;;
Cesário Paulo Lameiras de Almeida,1,0000-0003-4742-222X,Matemática CFisicas,,461/145,142;;;;;;;;;;
Cidália de Fátima Carvoeiras Nobre,1,N/A,Saúde,,723,723;;;;;;;;;;
Cidália Maria Rodrigues Rita de Brito Grazina,1,N/A,N/A,N/A,N/A,N/A;;;;;;;;;;
Clarisse Isabel de Oliveira Mendes,1,N/A,Saúde,726,726,0;;;;;;;;;;
Clarisse Manuela Gomes Mourinha,1,N/A,Tecnologias CAplicadas,,851,0;;;;;;;;;;
Cristina da Conceição Rodrigues Troncão Fragoso,1,N/A,N/A,N/A,N/A,N/A;;;;;;;;;;
Cristina Isabel Silva Pires dos Santos,1,0000-0002-8195-1101,Artes H Desporto,213,214,213;;;;;;;;;;
Cristina Maria Coelho Vitorino Caetano,1,N/A,N/A,N/A,N/A,N/A;;;;;;;;;;
Damião Menezes da Graça de Vilhena Ayres,1,N/A,N/A,N/A,N/A,N/A;;;;;;;;;;
Daniel José da Graça Peceguina Franco,1,N/A,N/A,N/A,N/A,N/A;;;;;;;;;;
David Cunha Fontes,1,N/A,Engenharia,,,;;;;;;;;;;
David Miguel Ramos Alhinho,1,N/A,N/A,N/A,N/A,N/A;;;;;;;;;;
David Rodrigues da Silva,1,N/A,Artes H Desporto,,212,212;;;;;;;;;;
Diamantina Rosário Picado Neves,1,N/A,N/A,N/A,N/A,N/A;;;;;;;;;;
Diana Godinho da Silva Costa,1,0000-0002-8683-5564,Artes H Desporto,,211,211;;;;;;;;;;
Diana Maria da Costa Bizarro Morais,1,N/A,N/A,N/A,N/A,N/A;;;;;;;;;;
Diogo Palma Revez de Pina Manique,1,N/A,Engenharia,,523,0;;;;;;;;;;
Edmirson Pedro Ramos Fortes,1,N/A,Ciências Empresariais,,,;;;;;;;;;;
Elionora da Nazaré Cardoso Pinto dos Santos,1,0000-0002-9603-4250,Ciências Empresariais,,380,380;;;;;;;;;;
Elisabete da Conceição Nunes Candeias Simenta,1,N/A,N/A,N/A,N/A,N/A;;;;;;;;;;
Elisabete Garcia Gomes da Silva,1,N/A,Educação CSComportamento,,311,0;;;;;;;;;;
Elisabete Maria Gonçalves da Silva Conceição,1,N/A,Artes H Desporto,,222,0;;;;;;;;;;
Elisabete Sarti da Conceição Gomes Cataluna,1,N/A,Artes H Desporto,,223,223;;;;;;;;;;
Elisete Maria Catarino Sepanas,1,N/A,N/A,N/A,N/A,N/A;;;;;;;;;;
Elizabete Maria Rosa,1,N/A,N/A,N/A,N/A,N/A;;;;;;;;;;
Elsa da Piedade Chinita Soares Rodrigues,1,0000-0001-8445-6651,Engenharia,,481,481;;;;;;;;;;
Elsa Maria Nunes Barbosa,1,0000-0001-7971-1689,Ciências Empresariais,345,345,0;;;;;;;;;;
Emanuel Antunes de Oliveira,1,N/A,N/A,N/A,N/A,N/A;;;;;;;;;;
Emilio José Martínez López,1,N/A,Artes H Desporto,,813,813;;;;;;;;;;
Emílio Kafft Kosta,1,N/A,Ciências Empresariais,,380,380;;;;;;;;;;
Fátima Maria Guerreiro Pereira,1,N/A,N/A,N/A,N/A,N/A;;;;;;;;;;
Fátima Sofia de Amaral Marques Rosa,1,N/A,Ciências Empresariais,,812,0;;;;;;;;;;
Felizardo Maria Bina Grilo,1,N/A,N/A,N/A,N/A,N/A;;;;;;;;;;
Fernanda Maria dos Santos Pereira,1,0000-0002-5710-3719,Ciências Empresariais,,314,0;;;;;;;;;;
Fernanda Maria Pato da Silva Aiveca Fragoso,1,N/A,N/A,N/A,N/A,N/A;;;;;;;;;;
Fernanda Maria São Facundo Inácio de Sousa,1,N/A,N/A,N/A,N/A,N/A;;;;;;;;;;
Fernando José Calado e Silva Nunes Teixeira,1,0000-0001-6306-8000,Ciências Empresariais,,314,345;;;;;;;;;;
Fernando Manuel Santos Mota,1,N/A,Biociências,,640,0;;;;;;;;;;
Filipe Jorge Martins Piçarra Fialho Pombeiro,1,N/A,Ciências Empresariais,,314,0;;;;;;;;;;
Filipe Manuel Pacheco Vieira,1,N/A,N/A,N/A,N/A,N/A;;;;;;;;;;
Filomena Catarina Freire Martins,1,N/A,N/A,N/A,N/A,N/A;;;;;;;;;;
Filomena da Conceição Santos Mendes Ramos,1,N/A,N/A,N/A,N/A,N/A;;;;;;;;;;
Filomena Maria Ribeiro da Silva Machado,1,N/A,N/A,N/A,N/A,N/A;;;;;;;;;;
Flávia Matias Oliveira da Silva,1,N/A,N/A,N/A,N/A,N/A;;;;;;;;;;
Florbela de Fátima Antunes Calado,1,N/A,N/A,N/A,N/A,N/A;;;;;;;;;;
Francisco Carlos Teixeira Serafim,1,N/A,N/A,N/A,N/A,N/A;;;;;;;;;;
Francisco Jacinto da Silva Marreiros,1,N/A,N/A,N/A,N/A,N/A;;;;;;;;;;
Francisco José de Aragão Baixinho Cravo,1,N/A,Ciências Empresariais,380,380,0;;;;;;;;;;
Francisco José Serra Briosa e Gala,1,N/A,Ciências Empresariais,,380,380;;;;;;;;;;
Francisco Manuel Lampreia Fragoso,1,N/A,N/A,N/A,N/A,N/A;;;;;;;;;;
Gilberto Manuel Simões Pato,1,N/A,Artes H Desporto,,813,0;;;;;;;;;;
Gonçalo José Cunha Fontes,1,N/A,Engenharia,,523,0;;;;;;;;;;
Guiomar Manuel Massa Medeiros,1,N/A,N/A,N/A,N/A,N/A;;;;;;;;;;
Helena de Fátima Tavares Rodeia Lança,1,N/A,N/A,N/A,N/A,N/A;;;;;;;;;;
Helena Isabel Bentes Mascarenhas,1,N/A,N/A,N/A,N/A,N/A;;;;;;;;;;
Helena Isabel Ludovino Ferreira Barbosa,1,N/A,Artes H Desporto,,813,0;;;;;;;;;;
Helena Maria Guerreiro Severino Ramires,1,N/A,N/A,N/A,N/A,N/A;;;;;;;;;;
Helena Maria Salgueiro Silva Lopes Sardica,1,N/A,Educação CSComportamento,,144,0;;;;;;;;;;
Hélia Maria Espadilha Pombinho,1,N/A,N/A,N/A,N/A,N/A;;;;;;;;;;
Henrique Emanuel Vilhena Água-Doce,1,N/A,N/A,N/A,N/A,N/A;;;;;;;;;;
Henrique José Monteiro Oliveira,1,0000-0001-8687-4291,Engenharia,,523,523;;;;;;;;;;
Hugo Alexandre dos Santos Quaresma Candeias de Almeida,1,N/A,Saúde,,726,0;;;;;;;;;;
Hugo Daniel da Cunha Lança Silva,1,N/A,Ciências Empresariais,,380,0;;;;;;;;;;
Hugo Miguel Magro Gonçalves,1,N/A,N/A,N/A,N/A,N/A;;;;;;;;;;
Humberto Manuel Índio Tomas Chaves,1,0000-0003-2747-8891,Tecnologias CAplicadas,,442,851;;;;;;;;;;
Idália Manuela Guerreiro Cortegaça da Costa,1,N/A,N/A,N/A,N/A,N/A;;;;;;;;;;
Inês Nobre Martins Camacho,1,N/A,Educação CSComportamento,,142,142;;;;;;;;;;
Isabel Batista Simões,1,N/A,N/A,N/A,N/A,N/A;;;;;;;;;;
Isabel Cristina Gonçalves Candeias de Oliveira,1,N/A,N/A,N/A,N/A,N/A;;;;;;;;;;
Isabel Maria Barrocas dos Santos Janota Bráz,1,N/A,N/A,N/A,N/A,N/A;;;;;;;;;;
Isabel Maria de Brito Raposo Guerreiro,1,N/A,Biociências,,621,0;;;;;;;;;;
Isabel Maria Pereira Caldas Baer,1,0000-0001-7312-5224,Tecnologias CAplicadas,,541,541;;;;;;;;;;
Isabel Sofia Sousa Brito,1,0000-0002-7556-4367,Engenharia,,481,481;;;;;;;;;;
Isidro Lourenço Rodrigues Góis Féria,1,N/A,Ciências Empresariais,,314,0;;;;;;;;;;
Jaciara Pereira de Oliveira,1,N/A,N/A,N/A,N/A,N/A;;;;;;;;;;
Jerónimo Francisco Picado da Conceição,1,N/A,N/A,N/A,N/A,N/A;;;;;;;;;;
Joana Cristina Maurício Pinto,1,N/A,Saúde,,726,0;;;;;;;;;;
João Alberto Mendes Leal,1,0000-0003-2798-1913,Artes H Desporto,,813,813;;;;;;;;;;
João Carlos Corvo Caçoila,1,N/A,N/A,N/A,N/A,N/A;;;;;;;;;;
João Carlos da Fonseca Cabral,1,N/A,Artes H Desporto,213,213,0;;;;;;;;;;
João Carlos da Silva Martins,1,0000-0002-4567-7416,Engenharia,,523,523;;;;;;;;;;
João Carlos Jacinto do Espírito Santo,1,N/A,N/A,N/A,N/A,N/A;;;;;;;;;;
João da Cruz Largueiras Valadas,1,N/A,Ciências Empresariais,380,380,0;;;;;;;;;;
João Fernando Maia Rocha,1,N/A,N/A,N/A,N/A,N/A;;;;;;;;;;
João Filipe Cardoso Fitas,1,N/A,Ciências Empresariais,,380,0;;;;;;;;;;
João Filipe Dias Medeira Rodrigues,1,0000-0003-1796-9013,Artes H Desporto,,222,222;;;;;;;;;;
João Filipe Fragoso dos Santos,1,0000-0002-4671-9884,Engenharia,,582,443;;;;;;;;;;
João Filipe Salgado Amarante,1,N/A,Engenharia,,481,0;;;;;;;;;;
João Jorge Mestre Dias,1,0000-0002-5108-0018,Tecnologias CAplicadas,,541,541;;;;;;;;;;
João José Severo Arnedo Rolha,1,N/A,Ciências Empresariais,812,812,0;;;;;;;;;;
João Manuel da Piedade Domingos,1,N/A,N/A,N/A,N/A,N/A;;;;;;;;;;
João Manuel Figueira Rodeia,1,N/A,Saúde,723,723,723;;;;;;;;;;
João Manuel Garcia Salazar Gonçalves da Silva,1,0000-0002-7041-3789,Artes H Desporto,,312,0;;;;;;;;;;
João Manuel Parente Rodrigues,1,N/A,N/A,N/A,N/A,N/A;;;;;;;;;;
João Martim de Portugal e Vasconcelos Fernandes,1,0000-0002-3313-887X,Biociências,,621,621;;;;;;;;;;
João Miguel da Silva Paiva Fatela dos Santos,1,N/A,Engenharia,,441,0;;;;;;;;;;
João Miguel Guerreiro Coelho,1,N/A,Ciências Empresariais,,345,0;;;;;;;;;;
João Paulo Anacleto Torres,1,N/A,N/A,N/A,N/A,N/A;;;;;;;;;;
João Paulo de Almeida Lança Trindade,1,0000-0001-5490-453X,Engenharia,,481 / 345,481;;;;;;;;;;
João Paulo Mestre Pinheiro Ramos e Barros,1,0000-0002-0097-9883,Engenharia,,523,481;;;;;;;;;;
João Pedro da Silva Lourenço,1,0000-0002-7746-5514,Artes H Desporto,,813,0;;;;;;;;;;
João Pedro Filipe Oliveira e Almeida,1,N/A,N/A,N/A,N/A,N/A;;;;;;;;;;
João Pedro Pereira de Carvalho Goulão,1,N/A,Artes H Desporto,,813,0;;;;;;;;;;
João Vítor da Silva Vieira,1,0000-0002-3905-4802,N/A,N/A,N/A,N/A;;;;;;;;;;
Joaquim Pedro Corado Palmeiro,1,N/A,N/A,N/A,N/A,N/A;;;;;;;;;;
Joaquim Vaz do Rosário Gomes,1,N/A,Ciências Empresariais,,345,345;;;;;;;;;;
Joaquina de Jesus Antunes Gamito,1,N/A,N/A,N/A,N/A,N/A;;;;;;;;;;
Joaquina Maria Gomes Carreteiro Correia,1,N/A,N/A,N/A,N/A,N/A;;;;;;;;;;
Jorge Francisco Água Doce das Fontes,1,N/A,N/A,N/A,N/A,N/A;;;;;;;;;;
Jorge Hermínio da Silva Dias Pires,1,0000-0003-2752-2653,Ciências Empresariais,314,345,345;;;;;;;;;;
Jorge Manuel Merca Cláudio,1,N/A,N/A,N/A,N/A,N/A;;;;;;;;;;
Jorge Manuel Rebotim Rosado Raposo,1,N/A,Artes H Desporto,,212,0;;;;;;;;;;
Jorge Manuel Rodrigues Tavares,1,N/A,N/A,N/A,N/A,N/A;;;;;;;;;;
Jorge Miguel Baião Pereira,1,N/A,Saúde,,,;;;;;;;;;;
Jorge Miguel Olho Azul do Rosário,1,N/A,Saúde,723,142,142;;;;;;;;;;
Jorge Paulo Neto Rodrigues,1,N/A,Engenharia,,523,481;;;;;;;;;;
José António Casteleiro Penacho,1,0000-0001-5092-287X,Biociências,,621,0;;;;;;;;;;
José António Figueira Vargas,1,N/A,N/A,N/A,N/A,N/A;;;;;;;;;;
José Carlos Martins Torpes,1,N/A,N/A,N/A,N/A,N/A;;;;;;;;;;
José Carlos Sherman D' Alvarenga da Costa Mira,1,N/A,Biociências,,640,0;;;;;;;;;;
José Custódio Marques Lucas,1,N/A,Saúde,,723,723;;;;;;;;;;
José Eduardo Maltezinho Calquinha,1,N/A,N/A,N/A,N/A,N/A;;;;;;;;;;
José Filipe Pires dos Reis,1,N/A,Ciências Empresariais,,345,345;;;;;;;;;;
José Francisco Colaço Vaz,1,N/A,N/A,N/A,N/A,N/A;;;;;;;;;;
José Francisco Matos Parreira,1,N/A,N/A,N/A,N/A,N/A;;;;;;;;;;
José Francisco Xavier,1,N/A,Ciências Empresariais,,380,380;;;;;;;;;;
José Jacinto Descalço Bilau,1,0000-0003-3146-8370,Ciências Empresariais,,345,345;;;;;;;;;;
José Jasnau Caeiro,1,0000-0002-4760-726X,Engenharia,,523,523;;;;;;;;;;
José Jorge Lampreia Branco de Anes,1,0000-0003-4961-767X,Ciências Empresariais,,345,0;;;;;;;;;;
José Lança de Matos,1,N/A,N/A,N/A,N/A,N/A;;;;;;;;;;
José Manuel Açucena Ferro Palma,1,0000-0002-0951-5241,Biociências,,621,621;;;;;;;;;;
José Manuel de Jesus das Dores,1,N/A,N/A,N/A,N/A,N/A;;;;;;;;;;
José Manuel Lança Amador,1,N/A,Ciências Empresariais,,345,0;;;;;;;;;;
José Manuel Pereira Cabanas,1,N/A,N/A,N/A,N/A,N/A;;;;;;;;;;
José Manuel Tecedeira Bexiga,1,N/A,N/A,N/A,N/A,N/A;;;;;;;;;;
José Pedro Ribeiro de Matos Fernandes,1,0000-0002-7628-4666,Artes H Desporto,,226,226;;;;;;;;;;
José Pereirinha Ramalho,1,0000-0002-6832-1447,Educação CSComportamento,,311,311;;;;;;;;;;
Justino António Ventura Sobreiro,1,N/A,N/A,N/A,N/A,N/A;;;;;;;;;;
Leonarda do Rosário Charneca Valadas,1,N/A,N/A,N/A,N/A,N/A;;;;;;;;;;
Libânia dos Anjos Soares Pelado Grilo,1,N/A,N/A,N/A,N/A,N/A;;;;;;;;;;
Lígia Manuela Correia da Silva Eira,1,N/A,Saúde,,723,723;;;;;;;;;;
Liliana Gonçalves Fidalgo,1,N/A,Tecnologias Caplicadas,,541,541;;;;;;;;;;
Lucília Dias Lourenço,1,N/A,Ciências Empresariais,,812,0;;;;;;;;;;
Luís André da Rocha Rosário,1,0000-0001-8219-4571,Engenharia,,523,523;;;;;;;;;;
Luís Carlos da Silva Bruno,1,0000-0003-3313-7858,Engenharia,,481,481;;;;;;;;;;
Luís Carlos Ferreira Peres de Sousa,1,N/A,Biociências,,621,0;;;;;;;;;;
Luís Eduardo Perfeito Santa Maria,1,0000-0002-5050-0877,Biociências,,852,0;;;;;;;;;;
Luís Fernando Algarvio Madeira Coelho,1,N/A,N/A,N/A,N/A,N/A;;;;;;;;;;
Luís Filipe Avença Guerra,1,N/A,N/A,N/A,N/A,N/A;;;;;;;;;;
Luís Filipe Barbosa Proença Alves Domingues,1,N/A,Matemática CFisicas,,462,0;;;;;;;;;;
Luís Filipe Nobre Horta Batista Garcia,1,0000-0003-3092-3730,Engenharia,,481,481;;;;;;;;;;
Luís Filipe Tibúrcio Ribeiro,1,N/A,N/A,N/A,N/A,N/A;;;;;;;;;;
Luís Manuel Amador Pardal,1,N/A,N/A,N/A,N/A,N/A;;;;;;;;;;
Luís Manuel da Cruz Murta,1,0000-0002-4395-2664,Artes H Desporto,,146,813;;;;;;;;;;
Luís Manuel Lopes Branco Pica,1,N/A,Ciências Empresariais,,380,0;;;;;;;;;;
Luís Manuel Mendonça Carvalho,1,0000-0001-8536-5583,Biociências,,421,421;;;;;;;;;;
Luís Manuel Pereira Adriano,1,N/A,N/A,N/A,N/A,N/A;;;;;;;;;;
Luís Miguel Gomes Tavares,1,0000-0002-2232-0422,Engenharia,,523,523;;;;;;;;;;
Luís Miguel Martins Soares,1,N/A,N/A,N/A,N/A,N/A;;;;;;;;;;
Luís Miguel Pinheiro da Luz,1,0000-0002-7383-5979,Engenharia,,581,422;;;;;;;;;;
Luís Miguel Simão Madeira,1,N/A,N/A,N/A,N/A,N/A;;;;;;;;;;
Mafalda Sofia da Silva Rosa,1,N/A,Ciências Empresariais,,345,0;;;;;;;;;;
Manuel António Palminha Rodrigues,1,N/A,N/A,N/A,N/A,N/A;;;;;;;;;;
Manuel David Rodrigues Masseno,1,0000-0001-8861-0337,Ciências Empresariais,,380,0;;;;;;;;;;
Manuel Domingos Caixeiro Albino,1,N/A,Tecnologias CAplicadas,853,853,0;;;;;;;;;;
Manuel Joaquim Marques Patanita,1,0000-0002-2122-9950,Biociências,,621,621;;;;;;;;;;
Manuel Silvestre Martins,1,N/A,N/A,N/A,N/A,N/A;;;;;;;;;;
Manuela da Luz Martins,1,N/A,Educação CSComportamento,,,;;;;;;;;;;
Manuela Silveira Lima de Brito Costa,1,N/A,Tecnologias CAplicadas,,541,0;;;;;;;;;;
Marçal Gonçalo D'Assunção Matoso,1,N/A,N/A,N/A,N/A,N/A;;;;;;;;;;
Marco António Brites Mendonça,1,N/A,N/A,N/A,N/A,N/A;;;;;;;;;;
Marco Ricardo Fragoso de Faria Lobo,1,N/A,Artes H Desporto,,813,813;;;;;;;;;;
Marcos Alexandre Colaço Alho,1,N/A,N/A,N/A,N/A,N/A;;;;;;;;;;
Margarida Elvira Silva Maximino Rosa,1,N/A,N/A,N/A,N/A,N/A;;;;;;;;;;
Margarida Isabel Boteta Gomes,1,N/A,N/A,N/A,N/A,N/A;;;;;;;;;;
Margarida Isabel Fernandes Branco Cortes Cavaco Leão,1,N/A,N/A,N/A,N/A,N/A;;;;;;;;;;
Margarida Rebelo dos Santos Silveira,1,N/A,Matemática CFisicas,,443- 142-145,0;;;;;;;;;;
Maria Adelaide Araújo Almeida,1,0000-0001-6612-9411,Tecnologias CAplicadas,,851,851;;;;;;;;;;
Maria Adelaide dos Santos Pacheco Elbling de Sousa,1,N/A,N/A,N/A,N/A,N/A;;;;;;;;;;
Maria Adelaide Rodrigues Tareco,1,0000-0003-1362-6013,Ciências Empresariais,,314,0;;;;;;;;;;
Maria Albertina Amantes Raposo,1,0000-0003-3521-612x,Biociências,,422,422;;;;;;;;;;
Maria Ana Fernandes Alexandre,1,N/A,N/A,N/A,N/A,N/A;;;;;;;;;;
Maria Antónia Julião Bicas Luís,1,N/A,N/A,N/A,N/A,N/A;;;;;;;;;;
Maria Antónia Rasa Correia da Costa,1,0000-0001-5018-052X,Saúde,723,142,142;;;;;;;;;;
Maria Antonieta Pereira de Carvalho da Palma Medeiros,1,0000-0003-4435-6554,Saúde,723,723,723;;;;;;;;;;
Maria Apolónia Vieira Chibeles,1,N/A,N/A,N/A,N/A,N/A;;;;;;;;;;
Maria Aurora Barata Boné,1,N/A,N/A,N/A,N/A,N/A;;;;;;;;;;
Maria Cândida Fitas Abundância Nogueira Vicente,1,N/A,N/A,N/A,N/A,N/A;;;;;;;;;;
Maria Carolina Machado Lima,1,N/A,N/A,N/A,N/A,N/A;;;;;;;;;;
Maria Catarina Estevéns das Pazes,1,N/A,N/A,N/A,N/A,N/A;;;;;;;;;;
Maria Clara Pereira Pires,1,0000-0003-2048-0649,Ciências Empresariais,,345,345;;;;;;;;;;
Maria Cristina Campos de Sousa Faria,1,0000-0003-0839-8036,Educação CSComportamento,,311,311;;;;;;;;;;
Maria Cristina Milheiro de Mira Galvão,1,N/A,N/A,N/A,N/A,N/A;;;;;;;;;;
Maria Cristina Vilhena Revez Pereira Palma,1,N/A,N/A,N/A,N/A,N/A;;;;;;;;;;
Maria da Conceição Ramos Gonçalves Valente,1,N/A,N/A,N/A,N/A,N/A;;;;;;;;;;
Maria da Conceição Rosa Correia Páscoa,1,N/A,N/A,N/A,N/A,N/A;;;;;;;;;;
Maria da Conceição Silva Batista Dores,1,N/A,N/A,N/A,N/A,N/A;;;;;;;;;;
Maria da Luz Pires Palma,1,N/A,N/A,N/A,N/A,N/A;;;;;;;;;;
Maria da Natividade Lampreia de Brito Teixeira Costa,1,N/A,N/A,N/A,N/A,N/A;;;;;;;;;;
Maria da Piedade Ramires Júlio,1,N/A,N/A,N/A,N/A,N/A;;;;;;;;;;
Maria de Fátima da Ressurreição Deodato,1,N/A,N/A,N/A,N/A,N/A;;;;;;;;;;
Maria de Fátima Lampreia Cravinho,1,N/A,N/A,N/A,N/A,N/A;;;;;;;;;;
Maria de Fátima Nunes de Carvalho,1,0000-0003-1092-4111,Tecnologias CAplicadas,,524,851;;;;;;;;;;
Maria de Fátima Santos Marujo Agostinho da Palma Raposo,1,N/A,N/A,N/A,N/A,N/A;;;;;;;;;;
Maria de Guadalupe Comparada Almeida,1,0000-0002-5789-7491,Saúde,726,142,0;;;;;;;;;;
Maria de Jesus Batista Raposo,1,N/A,N/A,N/A,N/A,N/A;;;;;;;;;;
Maria de Lurdes Beles Peres,1,N/A,N/A,N/A,N/A,N/A;;;;;;;;;;
Maria de Lurdes Pinto Carracha,1,N/A,N/A,N/A,N/A,N/A;;;;;;;;;;
Maria Deonilde Brás Alves,1,N/A,N/A,N/A,N/A,N/A;;;;;;;;;;
Maria do Carmo Narciso Mateus,1,N/A,N/A,N/A,N/A,N/A;;;;;;;;;;
Maria do Céu Lopes da Silva André,1,N/A,Educação CSComportamento,143,142,142;;;;;;;;;;
Maria do Rosário da Conceição Mira de Carvalho,1,N/A,Ciências Empresariais,,345,0;;;;;;;;;;
Maria do Sacramento Bombaça Basílio,1,0000-0002-3104-4271,Ciências Empresariais,,345,345;;;;;;;;;;
Maria do Sameiro Pinheiro Pedro Masseno,1,0000-0001-9860-6075,Artes H Desporto,,223,0;;;;;;;;;;
Maria Dulce dos Santos Santiago,1,N/A,Saúde,723,723,723;;;;;;;;;;
Maria Francisca Sousa Ramires Carrilho,1,N/A,N/A,N/A,N/A,N/A;;;;;;;;;;
Maria Guiomar Aroeira Afonso Vinagre,1,N/A,N/A,N/A,N/A,N/A;;;;;;;;;;
Maria Helena Loureiro Cachopo,1,N/A,N/A,N/A,N/A,N/A;;;;;;;;;;
Maria Inês de Campos de Sousa Faria,1,0000-0002-0935-2585,Educação CSComportamento,,312,0;;;;;;;;;;
Maria Inês Lúcia Ferro Pato Godinho,1,N/A,N/A,N/A,N/A,N/A;;;;;;;;;;
Maria Isabel Costa Gonçalves Valente,1,0000-0002-5358-2468,Ciências Empresariais,,345,;;;;;;;;;;
Maria Isabel de Magalhães Colaço,1,N/A,Matemática CFisicas,,461,0;;;;;;;;;;
Maria Isabel Fernandes Cardoso Patanita,1,0000-0002-6664-4883,Biociências,,621,621;;;;;;;;;;
Maria Ivone Parreira Chora Carvalho Castanheira,1,N/A,N/A,N/A,N/A,N/A;;;;;;;;;;
Maria João Barata de Carvalho,1,0000-0001-9909-6345,Tecnologias CAplicadas,,541,541;;;;;;;;;;
Maria João Burrica Ramos Pinheiro da Silva,1,0000-0002-4649-3811,Artes H Desporto,,222,312;;;;;;;;;;
Maria João Galantinho Lampreia,1,N/A,Saúde,723,723,0;;;;;;;;;;
Maria José Carapinha Santinhos Janeiro,1,N/A,N/A,N/A,N/A,N/A;;;;;;;;;;
Maria José Custódia Patusca Machado,1,N/A,N/A,N/A,N/A,N/A;;;;;;;;;;
Maria José Esperança Imaginário,1,N/A,N/A,N/A,N/A,N/A;;;;;;;;;;
Maria José Raposo Espanhol de Brito,1,N/A,Saúde,,142,142;;;;;;;;;;
Maria Judite dos Santos Cercas Magalhães Correia das Neves,1,N/A,N/A,N/A,N/A,N/A;;;;;;;;;;
Maria Júlia Martins Pereira Góis Camacho,1,N/A,N/A,N/A,N/A,N/A;;;;;;;;;;
Maria Julieta dos Santos Magalhães da Silva Filipe,1,N/A,N/A,N/A,N/A,N/A;;;;;;;;;;
Maria Ludovina Costa Diogo,1,N/A,N/A,N/A,N/A,N/A;;;;;;;;;;
Maria Manuel Bravo Paquete Gonçalves,1,N/A,N/A,N/A,N/A,N/A;;;;;;;;;;
Maria Manuel Santos Rodrigues,1,N/A,Ciências Empresariais,,314,0;;;;;;;;;;
Maria Manuela Duarte de Oliveira Azevedo,1,N/A,Matemática CFisicas,,142,461;;;;;;;;;;
Maria Manuela Fialho Conduto Frieza,1,N/A,N/A,N/A,N/A,N/A;;;;;;;;;;
Maria Margarida Correia Paulino,1,N/A,N/A,N/A,N/A,N/A;;;;;;;;;;
Maria Margarida da Fonseca Ribeiro Pereira,1,0000-0002-5761-2409,Biociências,,621,621;;;;;;;;;;
Maria Margarida da Palma Goes,1,0000-0001-6017-6874,Saúde,723,422,422;;;;;;;;;;
Maria Miquelina da Fonseca Pena,1,0000-0003-0909-3832,Saúde,723,723,0;;;;;;;;;;
Maria Paula Parrinha Quinta Queimada Martins,1,N/A,N/A,N/A,N/A,N/A;;;;;;;;;;
Maria Raquel Rodrigues Santana,1,0000-0002-5982-7286,Saúde,726,726,0;;;;;;;;;;
Maria Rita Rosa da Mera,1,N/A,N/A,N/A,N/A,N/A;;;;;;;;;;
Maria Teresa Borralho Marques dos Carvalhos,1,0000-0002-9305-2082,Tecnologias CAplicadas,,524,851;;;;;;;;;;
Maria Teresa de Abreu Luís Godinho,1,0000-0002-3377-9327,Matemática CFisicas,,462,461;;;;;;;;;;
Maria Teresa Pereira Gonçalves dos Santos,1,N/A,Tecnologias CAplicadas,,541,0;;;;;;;;;;
Maria Teresa Saruga Barradas Casteleiro Penacho,1,N/A,Artes H Desporto,,213,213;;;;;;;;;;
Mariana Apolinário Brandão Soares,1,N/A,N/A,N/A,N/A,N/A;;;;;;;;;;
Mariana Augusta Casadinho Parrinha Duarte Regato,1,0000-0002-9460-5910,Biociências,,621,621;;;;;;;;;;
Mariana de Fátima Batista Raposo,1,N/A,N/A,N/A,N/A,N/A;;;;;;;;;;
Marinêz de Oliveira Xavier,1,0000-0001-6845-789X,Ciências Empresariais,,380,380;;;;;;;;;;
Mário Filipe Jacob Caeiro Borralho,1,N/A,Ciências Empresariais,,380,0;;;;;;;;;;
Mário Jorge Costa Candeias,1,N/A,Engenharia,,481,481;;;;;;;;;;
Marta Catarina Silva Pereira,1,N/A,N/A,N/A,N/A,N/A;;;;;;;;;;
Marta dos Anjos Cardador Dias,1,N/A,N/A,N/A,N/A,N/A;;;;;;;;;;
Marta dos Santos Martins Rosa,1,N/A,Artes H Desporto,,813,0;;;;;;;;;;
Marta Isabel Casteleiro Amaral,1,0000-0001-8006-7309,Ciências Empresariais,,812,812;;;;;;;;;;
Marta Sofia Inácio Catarino,1,N/A,Saúde,723,,;;;;;;;;;;
Martín Salvador Díaz Bento,1,N/A,N/A,N/A,N/A,N/A;;;;;;;;;;
Miguel da Conceição Bento,1,N/A,Educação CSComportamento,,762,762;;;;;;;;;;
Nelson de Jesus da Ressurreição Deodato,1,N/A,N/A,N/A,N/A,N/A;;;;;;;;;;
Nelson Filipe de Brito Nunes,1,N/A,Artes H Desporto,213,213,0;;;;;;;;;;
Nelson Ricardo Rodrigues Delgado Tomás,1,N/A,Tecnologias Caplicadas,,851,0;;;;;;;;;;
Nuno Amaral Assunção Santos Rosa,1,N/A,N/A,N/A,N/A,N/A;;;;;;;;;;
Nuno António Rocha Rosário,1,N/A,N/A,N/A,N/A,N/A;;;;;;;;;;
Nuno Bartolomeu Mendes Godinho de Alvarenga,1,0000-0003-0625-0687,Tecnologias CAplicadas,,541,541;;;;;;;;;;
Nuno Caetano Lopes de Barros Poiares,1,N/A,Ciências Empresariais,,312,312;;;;;;;;;;
Nuno Eduardo Marques de Loureiro,1,0000-0002-1166-3219,Artes H Desporto,,142,813;;;;;;;;;;
Nuno Filipe Romão Pereira,1,N/A,N/A,N/A,N/A,N/A;;;;;;;;;;
Nuno Manuel Ramos dos Santos Beja,1,0000-0002-9447-8480,Biociências,,629,621;;;;;;;;;;
Nuno Miguel Merca Cláudio,1,N/A,N/A,N/A,N/A,N/A;;;;;;;;;;
Nuno Sidónio Andrade Pereira,1,N/A,Matemática CFisicas,,441,461;;;;;;;;;;
Olga Maria Marreiros Santiago,1,N/A,N/A,N/A,N/A,N/A;;;;;;;;;;
Olga Maria Reis Pacheco de Amaral,1,0000-0003-2125-511X,Tecnologias CAplicadas,,726,541;;;;;;;;;;
Orlando Manuel Barrocas Roque,1,0000-0002-6258-3083,Ciências Empresariais,314,344,0;;;;;;;;;;
Patrícia Alexandra Dias Brito Palma,1,0000-0002-9719-079X,Tecnologias CAplicadas,,727,851;;;;;;;;;;
Patrícia Alexandra Rodrigues Santos,1,N/A,Saúde,726,726,0;;;;;;;;;;
Patrícia Alexandra Valente Hermozilha,1,N/A,Ciências Empresariais,,312,0;;;;;;;;;;
Patrícia Coelho Lage,1,N/A,N/A,N/A,N/A,N/A;;;;;;;;;;
Paula Andreia Abrantes Monteiro,1,N/A,N/A,N/A,N/A,N/A;;;;;;;;;;
Paula Cristina Candeias Rosa Gonçalves,1,N/A,N/A,N/A,N/A,N/A;;;;;;;;;;
Paula Cristina Ramos Tareco Magoito Nozes,1,N/A,N/A,N/A,N/A,N/A;;;;;;;;;;
Paula Cristina Rodrigues de Jesus,1,N/A,Saúde,,723,0;;;;;;;;;;
Paula Cristina Rosado Godinho,1,N/A,Educação CSComportamento,,762,762;;;;;;;;;;
Paula Encarnação Corado Palmeiro Pena,1,N/A,N/A,N/A,N/A,N/A;;;;;;;;;;
Paula Marisa Borges de Carvalho,1,N/A,N/A,N/A,N/A,N/A;;;;;;;;;;
Paulo Alexandre Sousa Bacalhau Paixão,1,N/A,Artes H Desporto,,813,0;;;;;;;;;;
Paulo Daniel Peres Cavaco,1,N/A,Ciências Empresariais,,380,0;;;;;;;;;;
Pedro Alexandre dos Anjos da Silva Pena,1,N/A,N/A,N/A,N/A,N/A;;;;;;;;;;
Pedro Jorge Paulino da Silva Bento,1,N/A,Artes H Desporto,813,813,813;;;;;;;;;;
Pedro Manuel do Vale Oliveira e Silva,1,0000-0003-0095-3058,Biociências,,621,621;;;;;;;;;;
Pedro Manuel Mendonça da Silva Cravo,1,0000-0003-1675-4504,Ciências Empresariais,,812,0;;;;;;;;;;
Pedro Miguel Batista Costa,1,N/A,Saúde,,723,0;;;;;;;;;;
Pedro Miguel Clemente Dias Moreira,1,N/A,Engenharia,,523,0;;;;;;;;;;
Pedro Miguel Tavares Caetano Dias,1,0000-0001-5180-9449,Artes H Desporto,,222,0;;;;;;;;;;
Ricardo Jorge Cavalinhos Estêvão,1,N/A,N/A,N/A,N/A,N/A;;;;;;;;;;
Ricardo José Barrocas Roque,1,N/A,Ciências Empresariais,,345,0;;;;;;;;;;
Rita Andreia dos Santos Moiteiro Abril Sequeira Carlos,1,N/A,N/A,N/A,N/A,N/A;;;;;;;;;;
Rodrigo Luís Candeias Machado,1,N/A,N/A,N/A,N/A,N/A;;;;;;;;;;
Rodrigo Miguel Arsénio dos Santos Ruivo,1,N/A,Artes H Desporto,,813,813;;;;;;;;;;
Rogério Alexandre Botelho Campos Rebelo,1,N/A,Engenharia,,523,523;;;;;;;;;;
Rogério Manuel Ferrinho Ferreira,1,0000-0001-5180-2036,Saúde,723,142,142;;;;;;;;;;
Rogério Matos Bravo,1,N/A,Engenharia,,380,0;;;;;;;;;;
Rosa Maria Mira Nunes,1,N/A,Saúde,,726,0;;;;;;;;;;
Rui Alberto da Silva Martins Isidoro,1,0000-0002-2475-8591,Engenharia,,862,582;;;;;;;;;;
Rui Manuel Pereira Nobre,1,N/A,N/A,N/A,N/A,N/A;;;;;;;;;;
Rui Manuel Russo Sequeira,1,N/A,N/A,N/A,N/A,N/A;;;;;;;;;;
Rui Miguel Soares Silva,1,N/A,Engenharia,,523,523;;;;;;;;;;
Rute Isabel Felizardo de Sousa Trigo,1,N/A,Saúde,723,723,0;;;;;;;;;;
Sandra Cristina da Rocha Batista,1,N/A,N/A,N/A,N/A,N/A;;;;;;;;;;
Sandra Cristina Rodrigues Santana Lopes,1,0000-0002-8283-3908,Educação CSComportamento,310,312,312;;;;;;;;;;
Sandra Isabel Batista Dias Fragoso,1,N/A,N/A,N/A,N/A,N/A;;;;;;;;;;
Sandra Isabel das Candeias Guerreiro Dias,1,0000-0003-4414-9029,Artes H Desporto,,223,223;;;;;;;;;;
Sandra Isabel Gonçalves da Saúde,1,0000-0003-0935-1133,Educação CSComportamento,,312,312;;;;;;;;;;
Sandra Isabel Rodrigues Bailoa,1,0000-0001-8411-5080,Ciências Empresariais,,345,345;;;;;;;;;;
Sandra Marina de Freitas Monteiro Rosa Marreiros,1,N/A,N/A,N/A,N/A,N/A;;;;;;;;;;
Sandra Rebeca Lozano Carvajal,1,N/A,N/A,N/A,N/A,N/A;;;;;;;;;;
Sara Pereira Brando Albino,1,N/A,Ciências Empresariais,,,812;;;;;;;;;;
Sérgio Filipe Leitão Charuto,1,N/A,Saúde,,726,0;;;;;;;;;;
Sílvia Maria Cunha de Brito Graça,1,N/A,Ciências Empresariais,,345,0;;;;;;;;;;
Silvina dos Anjos Pimenta Marques Maia Ferro Palma,1,0000-0003-3660-2436,Tecnologias CAplicadas,,541,541;;;;;;;;;;
Sofia Maria Mesquita Soares,1,0000-0002-7250-1619,Engenharia,,419,443;;;;;;;;;;
Sofia Teresa Assunção Ramôa,1,0000-0001-7756-3037,Biociências,,621,621;;;;;;;;;;
Sónia Isabel da Cruz Nunes,1,N/A,Saúde,,726,0;;;;;;;;;;
Sónia Isabel da Magra Correia,1,N/A,Ciências Empresariais,,812,0;;;;;;;;;;
Sónia Isabel Duarte Vieira,1,0000-0002-4009-6671,Ciências Empresariais,812,345,345;;;;;;;;;;
Sónia Maria Horta do Calvário,1,N/A,Ciências Empresariais,,380,0;;;;;;;;;;
Sónia Maria Sobral Pereira,1,N/A,Saúde,723,723,0;;;;;;;;;;
Susana Cristina Costa Pestana,1,0000-0001-6102-4725,Saúde,726,726,0;;;;;;;;;;
Susana Isabel Justo Henriques,1,N/A,N/A,N/A,N/A,N/A;;;;;;;;;;
Suzete Isabel Gomes Barata,1,N/A,N/A,N/A,N/A,N/A;;;;;;;;;;
Tânia Isabel Pereira Ângelo,1,N/A,Ciências Empresariais,,380,0;;;;;;;;;;
Telma Cristina da Silva Zambujo,1,N/A,N/A,N/A,N/A,N/A;;;;;;;;;;
Telo Fialho Nunes Bettencourt de Faria,1,N/A,Saúde,,721,0;;;;;;;;;;
Teresa de Guadalupe de Sousa Pataca,1,N/A,Saúde,,723,0;;;;;;;;;;
Teresa do Rosário Teixeira Marques Dionísio Mestre,1,N/A,N/A,N/A,N/A,N/A;;;;;;;;;;
Teresa Maria Pires Monteiro,1,0000-0003-2745-9631,Matemática CFisicas,,461,140/142;;;;;;;;;;
Tiago José Caldas Nunes,1,0000-0001-9142-7349,Artes H Desporto,213,214,0;;;;;;;;;;
Tiago Manuel Fragoso Conceição,1,N/A,Engenharia,,523,0;;;;;;;;;;
Valter Jorge Rosa Paixão,1,N/A,N/A,N/A,N/A,N/A;;;;;;;;;;
Vânia Azevedo Ferreira Brandão de Loureiro,1,0000-0003-2458-3004,Artes H Desporto,,813,146;;;;;;;;;;
Vera Cláudia Raposo Guerreiro Balsinha,1,N/A,Saúde,,721,0;;;;;;;;;;
Victor José da Silva Baptista das Dores,1,N/A,N/A,N/A,N/A,N/A;;;;;;;;;;
Victor Manuel do Sacramento Figueira,1,0000-0002-2936-0195,Ciências Empresariais,,812,812;;;;;;;;;;
Vitor João da Silva Romão Bigodinho,1,N/A,N/A,N/A,N/A,N/A;;;;;;;;;;
Weiner Santos Furones,1,N/A,N/A,N/A,N/A,N/A;;;;;;;;;;
Zulmira Rosa Torres Fragoso Matias da Palma,1,N/A,N/A,N/A,N/A,N/A;;;;;;;;;;
Ana Cristina Oliveira Duarte Botelho,1,N/A,N/A,N/A,N/A,N/A;;;;;;;;;;
Ana Isabel dos Santos Ângelo,1,N/A,N/A,N/A,N/A,N/A;;;;;;;;;;
Ana Maria Celeste dos Santos Bernardo,1,N/A,N/A,N/A,N/A,N/A;;;;;;;;;;
Ana Patrícia Aleixo Delgado Marreiros,1,N/A,N/A,N/A,N/A,N/A;;;;;;;;;;
Ana Paula Marques Pereira,1,N/A,N/A,N/A,N/A,N/A;;;;;;;;;;
Ana Rita de Sousa Reis,1,N/A,N/A,N/A,N/A,N/A;;;;;;;;;;
Ana Teresa Viegas Gaspar,1,N/A,N/A,N/A,N/A,N/A;;;;;;;;;;
André Filipe Paulino da Silva Bento,1,N/A,Artes H Desporto,,813,0;;;;;;;;;;
Bernardo Manuel Gaspar Marreiros de Matos,1,N/A,N/A,N/A,N/A,N/A;;;;;;;;;;
Cândida Sofia Fernandes Cancelinha,1,N/A,N/A,N/A,N/A,N/A;;;;;;;;;;
Carina Isabel Martins Rodrigues,1,N/A,N/A,N/A,N/A,N/A;;;;;;;;;;
Carla Alexandra Silvestre Jerónimo,1,N/A,N/A,N/A,N/A,N/A;;;;;;;;;;
Carlos Manuel Afonso Pereira,1,N/A,N/A,N/A,N/A,N/A;;;;;;;;;;
Catarina Isabel de Deus Gil Leal Cerol,1,N/A,N/A,N/A,N/A,N/A;;;;;;;;;;
Celso Filipe Boto da Silva,1,N/A,N/A,N/A,N/A,N/A;;;;;;;;;;
Cláudia Sofia Batalha Neto,1,N/A,N/A,N/A,N/A,N/A;;;;;;;;;;
David Gabriel Barreiros Ferreira,1,N/A,N/A,N/A,N/A,N/A;;;;;;;;;;
David Rui Matias Mestre,1,N/A,N/A,N/A,N/A,N/A;;;;;;;;;;
Diana Isabel Nunes Carvalho,1,N/A,N/A,N/A,N/A,N/A;;;;;;;;;;
Diogo João Veríssimo Guerreiro,1,N/A,N/A,N/A,N/A,N/A;;;;;;;;;;
Eunice Maria Costa Pereira dos Santos,1,N/A,N/A,N/A,N/A,N/A;;;;;;;;;;
Guida Maria de Jesus Ascensão,1,N/A,N/A,N/A,N/A,N/A;;;;;;;;;;
Helga Teixeira Martins,1,N/A,N/A,N/A,N/A,N/A;;;;;;;;;;
Inês das Neves Serôdio,1,N/A,N/A,N/A,N/A,N/A;;;;;;;;;;
João António Heliodoro Garcia,1,N/A,N/A,N/A,N/A,N/A;;;;;;;;;;
João Miguel Guerreiro Gouveia,1,N/A,Engenharia,,481,0;;;;;;;;;;
José Luís Ascenso Coelho,1,N/A,N/A,N/A,N/A,N/A;;;;;;;;;;
Júnia Aparecida Alves Ferreira Caturra,1,N/A,N/A,N/A,N/A,N/A;;;;;;;;;;
Luís Manuel Pereira do Coito,1,N/A,N/A,N/A,N/A,N/A;;;;;;;;;;
Maria de Jesus Fialho Caeiro,1,N/A,N/A,N/A,N/A,N/A;;;;;;;;;;
Maria Elisa Cavaco Caetano,1,N/A,N/A,N/A,N/A,N/A;;;;;;;;;;
Maria Gabriela Guerreiro Branquinho Pires,1,N/A,N/A,N/A,N/A,N/A;;;;;;;;;;
Nelson António Paraíba Canhita,1,N/A,Artes H Desporto,,213,0;;;;;;;;;;
Pablo Jesús Caballero Blanco,1,N/A,N/A,N/A,N/A,N/A;;;;;;;;;;
Raul José Ramos Lourenço,1,N/A,N/A,N/A,N/A,N/A;;;;;;;;;;
Renata Alexandra Alves Gomes Ferreira,1,N/A,N/A,N/A,N/A,N/A;;;;;;;;;;
Ricardina Oriana Menezes de Oliveira,1,N/A,N/A,N/A,N/A,N/A;;;;;;;;;;
Rui Alexandre da Conceição Pestana,1,N/A,N/A,N/A,N/A,N/A;;;;;;;;;;
Sofia Alexandra Cabecinhas de Sá,1,N/A,N/A,N/A,N/A,N/A;;;;;;;;;;
Susana Maria da Silva Gaspar,1,N/A,N/A,N/A,N/A,N/A;;;;;;;;;;
Teresa Alexandra Silvestre Fernandes,1,N/A,N/A,N/A,N/A,N/A;;;;;;;;;;
Teresa Margarida Lebrinha de Sousa Tavares,1,N/A,N/A,N/A,N/A,N/A;;;;;;;;;;
Teresa Maria Gomes Palma,1,N/A,Tecnologias Caplicadas,,541,0;;;;;;;;;;
Teresa Trindade Gonçalves Pereira,1,N/A,N/A,N/A,N/A,N/A;;;;;;;;;;
Vânia Alexandra dos Santos Simões,1,N/A,N/A,N/A,N/A,N/A;;;;;;;;;;
Vera Margarida Pequito,1,N/A,N/A,N/A,N/A,N/A;;;;;;;;;;
Vera Matilde Saldanha da Silva,1,N/A,N/A,N/A,N/A,N/A;;;;;;;;;;
